{"class": "reservoir", "type": "chevron1", "id": null, "origin": [0.0, 0.0], "rotation": 0.0, "electrodes": [{"id": "D", "polygon": [[-4.0, 12.5], [4.0, 12.5], [4.0, 5.787408], [2.409021, 8.059561], [2.53593, 8.575695], [1.479105, 8.69024], [1.732923, 9.722508], [0.676098, 9.837053], [0.929916, 10.869321], [0.401504, 10.926594], [0.0, 11.5], [-0.401504, 10.926594], [-0.929916, 10.869321], [-0.676098, 9.837053], [-1.732923, 9.722508], [-1.479105, 8.69024], [-2.53593, 8.575695], [-2.409021, 8.059561], [-4.0, 5.787408], [-4.0, 12.5]], "origin": [0.0, 0.0], "anchor_pad": [3.36811047968993, 8.219236282867676]}, {"id": "C", "polygon": [[4.0, 5.787408], [4.0, 2.787408], [2.409021, 5.059561], [2.53593, 5.575695], [1.479105, 5.69024], [1.732923, 6.722508], [0.676098, 6.837053], [0.929916, 7.869321], [0.401504, 7.926594], [0.0, 8.5], [-0.401504, 7.926594], [-0.929916, 7.869321], [-0.676098, 6.837053], [-1.732923, 6.722508], [-1.479105, 5.69024], [-2.53593, 5.575695], [-2.409021, 5.059561], [-4.0, 2.787408], [-4.0, 5.787408], [-2.409021, 8.059561], [-2.53593, 8.575695], [-1.479105, 8.69024], [-1.732923, 9.722508], [-0.676098, 9.837053], [-0.929916, 10.869321], [-0.401504, 10.926594], [0.0, 11.5], [0.401504, 10.926594], [0.929916, 10.869321], [0.676098, 9.837053], [1.732923, 9.722508], [1.479105, 8.69024], [2.53593, 8.575695], [2.409021, 8.059561], [4.0, 5.787408]], "origin": [0.0, 0.0], "anchor_pad": [3.3073096887816504, 5.239997528361952]}, {"id": "B", "polygon": [[-1.25, 2.5], [-4.0, 2.5], [-4.0, 2.787408], [-2.409021, 5.059561], [-2.53593, 5.575695], [-1.479105, 5.69024], [-1.732923, 6.722508], [-0.676098, 6.837053], [-0.929916, 7.869321], [-0.401504, 7.926594], [0.0, 8.5], [0.401504, 7.926594], [0.929916, 7.869321], [0.676098, 6.837053], [1.732923, 6.722508], [1.479105, 5.69024], [2.53593, 5.575695], [2.409021, 5.059561], [4.0, 2.787408], [4.0, 2.5], [1.25, 2.5], [1.25, 3.714815], [0.0, 5.5], [-1.25, 3.714815], [-1.25, 2.5]], "origin": [0.0, 0.0], "anchor_pad": [2.49663247667125, 3.314639149599751]}, {"id": "A", "polygon": [[-1.25, 2.5], [-1.25, 3.714815], [0.0, 5.5], [1.25, 3.714815], [1.25, 2.5], [1.25, 0.0], [-1.25, 0.0], [-1.25, 2.5]], "origin": [0.0, 0.0], "anchor_pad": [0.0038000494317680378, 2.1391571920396686]}]}